sid,sname,rating,numberrange
1,Desirae,3,38
2,Fay,3,34
3,Yolanda,5,26
4,Elmo,4,28
5,Charissa,7,32
6,Dora,8,18
7,Kai,2,29
8,Yael,8,49
9,Beatrice,10,37
10,Cynthia,3,22
11,Mallory,2,52
12,Ryan,5,45
13,Boris,3,42
14,Nero,6,30
15,Coby,9,53
16,Rebekah,1,48
17,Virginia,6,56
18,Samantha,4,24
19,Jerome,3,41
20,Inez,8,22
21,Breanna,8,59
502,Rooney,4,55
23,Nita,8,24
24,Brenda,5,57
25,Fredericka,5,16
26,Camilla,3,27
27,Joseph,9,17
28,Winter,3,18
503,Ryan,6,25
30,Ali,3,38
504,Branden,4,52
505,Caleb,8,56
33,Orla,7,22
34,Indira,3,52
35,Zeph,5,54
36,Tyler,9,39
37,Francis,6,56
38,Brody,3,16
39,Calvin,8,15
40,Aristotle,2,16
41,Garrett,9,32
42,Rana,8,44
43,Matthew,3,57
44,Katell,3,54
45,Kasper,9,40
46,Faith,10,26
47,Brock,2,47
48,Cole,4,26
49,Ivana,1,38
50,Lila,5,20
51,Shelley,7,50
52,Bruno,5,56
53,Vladimir,7,46
54,Declan,3,33
55,Stewart,5,47
56,Denise,3,49
57,Daniel,2,35
506,Barclay,3,38
59,Melissa,4,47
60,Harriet,4,54
61,Claire,5,24
62,Kaseem,2,42
63,Wallace,3,21
506,Sybil,3,40
65,Suki,7,46
66,Lev,8,29
67,Bernard,3,27
68,Marny,5,41
69,Jessamine,6,42
70,Lareina,8,51
507,Hermione,2,45
72,Alec,2,38
73,Justin,1,48
508,Vanna,3,37
75,Mira,5,19
76,Duncan,3,26
77,Kitra,6,35
78,Cole,6,56
79,Heather,9,18
80,Zelda,6,43
81,Amelia,5,25
82,Leigh,3,52
83,Leroy,5,20
84,Mariam,8,19
509,Moses,3,44
86,Aimee,8,31
87,Robert,10,39
88,Marvin,8,60
89,Brenda,5,35
90,Louis,2,24
91,Tyler,4,22
92,Ella,9,18
93,Yuli,9,31
94,Aretha,9,19
510,Fritz,9,56
96,Cruz,1,59
97,Tatyana,1,20
98,Kirk,8,54
99,Francesca,4,34
100,Natalie,1,54
101,Rhonda,2,52
102,Mollie,2,44
103,Michelle,8,35
104,Azalia,6,40
105,Murphy,8,35
106,Axel,4,33
107,Mallory,8,36
108,Gillian,2,27
109,Briar,7,19
110,Elaine,3,60
111,Robert,1,25
112,Daquan,9,35
113,Ulla,1,45
114,Chandler,3,56
115,Abel,10,21
116,Lana,8,32
117,Gannon,9,34
118,Benedict,7,22
119,Brendan,6,32
120,Illana,4,41
121,Robert,4,40
122,Keane,10,30
123,Virginia,1,19
124,Scarlett,4,18
125,Russell,6,47
126,Yeo,8,41
127,Whoopi,5,39
128,Genevieve,2,32
129,Peter,8,48
130,Kalia,6,25
131,Harrison,5,28
132,Kyra,3,49
133,Mona,5,44
134,Channing,4,58
135,Maile,5,52
136,Shana,6,29
137,Kaseem,8,18
138,Wallace,2,15
139,Knox,3,46
140,Kelly,3,58
141,Constance,6,25
142,Noble,10,26
143,Dana,5,37
144,Uta,8,47
145,Kiona,9,37
146,Jakeem,5,39
147,Lynn,9,47
148,Kimberley,1,48
149,Halee,8,26
150,Hasad,6,24
151,Elaine,5,43
152,Alice,2,33
153,Cooper,1,57
154,Benjamin,9,33
155,Reagan,7,51
156,Charde,3,43
157,Yoshio,8,21
158,Tanner,4,21
159,Lucius,2,26
160,Adam,2,35
161,Melyssa,4,16
162,Nicole,1,39
163,Mason,5,35
164,Caesar,8,51
165,Lunea,7,56
166,Freya,1,21
167,Aristotle,2,16
168,Zenaida,8,56
169,Kennan,2,32
170,Zena,10,57
171,Alea,10,20
172,Keith,5,29
173,Wang,6,21
174,Chandler,8,41
175,Ronan,6,25
176,Brenden,6,38
177,Damon,8,39
178,Armand,6,49
179,Simon,4,34
180,Hunter,7,42
181,Shoshana,1,50
182,Gareth,9,50
183,Derek,1,18
184,Yoshio,8,22
185,Colette,2,34
186,Reese,9,20
187,Kyle,8,21
188,Mariam,8,37
189,Mary,7,39
190,Chastity,6,21
191,Rashad,2,49
192,Bruno,3,49
193,Iola,9,34
194,Ingrid,3,32
195,Blake,5,23
196,Delilah,3,32
197,Lisandra,5,37
198,Gloria,6,18
199,Fallon,5,23
200,Clayton,6,34
201,Quynn,3,34
202,Chase,3,27
203,Demetria,10,16
204,Vivian,8,35
205,Meghan,6,24
206,Sean,8,18
207,Elijah,6,31
208,Jacob,7,19
209,Callie,9,39
210,Ria,9,33
211,Alea,7,53
212,Geoffrey,4,32
213,Ashton,3,33
214,Danielle,3,39
215,Melvin,3,36
216,Ivor,9,29
217,Deirdre,3,26
218,Jin,8,41
219,Natalie,2,51
220,Grant,5,20
221,Ira,7,36
222,Orla,10,33
223,Malachi,3,15
224,Dean,5,31
225,Nell,6,35
226,Richard,9,37
227,Uta,7,34
228,Jaime,9,45
229,Kenneth,1,45
230,Andrew,3,50
231,Scarlet,8,60
232,Ian,5,51
233,Cynthia,7,29
234,Galvin,4,59
235,Linus,7,60
236,Medge,7,18
237,Austin,6,43
238,Colleen,5,55
239,Emerson,8,53
240,Leroy,6,35
241,Quinlan,1,46
242,Mufutau,1,17
243,Cheyenne,8,32
244,Blake,5,34
245,Vanna,5,30
246,Selma,7,51
247,Clinton,7,50
248,Carol,3,28
249,Quintessa,7,35
250,Bruno,9,34
251,Nathan,7,34
252,Marshall,8,43
253,Yetta,7,28
254,Reed,8,44
255,Steven,10,16
256,Alec,4,47
257,Venus,2,17
258,Colleen,8,37
259,Gay,6,33
260,Dale,1,42
261,Yardley,7,53
262,Elvis,2,27
263,Malik,6,34
264,Jamal,6,52
265,Gage,8,58
266,Jorden,6,55
267,Brenda,5,60
268,Harper,8,31
269,Althea,8,17
270,Vera,2,57
271,Carson,10,53
272,Joel,2,53
273,Kameko,4,34
274,Sonia,6,25
275,Rose,2,19
276,Eleanor,10,57
277,Alexandra,7,54
278,Tatiana,8,30
279,Alan,2,59
280,Vladimir,5,34
281,Simone,7,57
282,Halla,7,43
283,Lester,5,40
284,Nina,8,59
285,Oliver,8,53
286,Colt,9,38
287,Geraldine,8,26
288,Alexis,4,26
289,Illiana,9,37
290,Dolan,1,29
291,Tarik,4,52
292,Brooke,8,26
293,Forrest,6,16
294,Kato,4,56
295,Germaine,5,51
296,Charde,4,44
297,Felicia,7,22
298,Shaeleigh,6,47
299,Bianca,9,18
300,Ivor,4,36
301,Ivy,9,35
302,Garrison,3,46
303,Nolan,4,24
304,Lucian,4,32
305,Isaiah,6,55
306,Yvonne,4,25
307,Cheryl,3,53
308,Rinah,10,30
309,Joelle,5,46
310,Lester,4,57
311,Ishmael,10,59
312,Hanna,10,26
313,Iliana,9,22
314,Jordan,4,33
315,Francesca,8,30
316,Jared,9,56
317,Yuli,3,59
318,Brian,9,41
319,Kirk,4,30
320,Dennis,4,58
321,Kylynn,1,24
322,Angela,3,42
323,Hayden,6,33
324,Leroy,6,33
325,Palmer,8,27
326,Sydney,2,44
327,Bertha,5,52
328,Ciaran,3,19
329,Vielka,9,51
330,Haviva,9,56
331,Hayley,9,55
332,Ashton,9,42
333,Natalie,2,54
334,Florence,2,59
335,Alfreda,6,35
336,Nasim,7,52
337,Eliana,3,37
338,Bert,8,20
339,Winter,8,57
340,Jeanette,2,56
341,Liberty,5,32
342,Beatrice,3,23
343,Erich,1,49
344,Kennan,4,54
345,Eaton,2,59
346,Ira,1,49
347,Aladdin,9,40
348,Yael,4,18
349,Garth,4,37
350,Teagan,1,37
351,Shelby,5,60
352,Edward,4,44
353,Cadman,6,23
354,Porter,4,57
355,Brendan,7,23
356,Armando,4,20
357,Denise,9,35
358,Eve,2,17
359,Catherine,4,25
360,Iris,4,30
361,Jack,5,38
362,Raja,7,36
363,Tyrone,5,42
364,Yolanda,4,39
365,Shafira,3,55
366,Maxine,1,24
367,Gavin,2,16
368,Berk,4,43
369,Lareina,7,56
370,Barrett,7,54
371,Sage,2,36
372,Ezekiel,4,27
373,Hedy,8,36
374,Tatiana,9,52
375,Tobias,5,19
376,Ashton,9,21
377,Alisa,5,18
378,Acton,7,29
379,Tyler,2,20
380,Isaiah,7,57
381,Giacomo,6,45
382,Allistair,2,49
383,Nash,7,20
384,Keane,9,23
385,Aladdin,3,56
386,Iliana,7,22
387,Phoebe,1,28
388,Karen,1,52
389,August,7,59
390,Lana,5,43
391,Amy,9,51
392,Craig,7,23
393,Ulric,5,22
394,Warren,4,57
395,Unity,4,55
396,Yael,9,53
397,Arden,7,51
398,Karyn,7,48
399,Hermione,1,44
400,Mason,6,19
401,Sheila,5,49
402,Melanie,7,20
403,Cyrus,5,50
404,Justine,10,27
405,Cyrus,6,22
406,TaShya,4,17
407,Oprah,9,22
408,Adara,8,58
409,Neil,4,44
410,Christian,8,45
411,Destiny,7,40
412,Shana,7,29
413,Mason,3,20
414,Blake,7,48
415,Amela,9,24
416,Arsenio,2,17
417,Maia,5,18
418,Nash,7,35
419,Callie,2,48
420,Darryl,3,41
421,Perry,8,30
422,Barrett,6,60
423,Skyler,10,16
424,Amelia,8,27
425,Jana,9,26
426,Bernard,7,40
427,MacKensie,5,20
428,Ulysses,7,48
429,Quintessa,2,33
430,Eaton,2,52
431,Darryl,3,59
432,Hyatt,6,21
433,Keane,5,51
434,Urielle,4,41
435,Clark,9,18
436,Kasimir,1,38
437,Nolan,10,31
438,Darius,7,20
439,Walker,3,19
440,Mari,6,25
441,Tyrone,7,58
442,Ingrid,8,57
443,Jasmine,7,25
444,Genevieve,3,38
445,Rhona,8,48
446,Valentine,8,30
447,Orla,8,60
448,Micah,2,20
449,Stuart,6,17
450,Astra,1,32
451,Zachary,7,45
452,Brittany,3,30
453,Elliott,9,21
454,Evelyn,5,59
455,Ingrid,10,32
456,Kyla,2,17
457,Stella,6,38
458,Ori,3,35
459,Griffith,4,30
460,Jolie,8,40
461,Hakeem,10,41
462,Mariko,1,30
463,Rigel,3,57
464,Lael,3,21
465,Leilani,10,42
466,Claudia,2,32
467,Stone,2,18
468,Julie,9,57
469,Patrick,2,17
470,Amos,3,45
471,Fritz,7,28
472,Igor,5,20
473,Lynn,3,31
474,Howard,2,46
475,Clark,4,39
476,Kyra,5,19
477,Berk,6,44
478,Theodore,9,31
479,Stephanie,9,47
480,Lev,7,52
481,Signe,6,37
482,Ulysses,9,54
483,Fitzgerald,9,54
484,Maxine,4,25
485,Kylie,3,17
486,Cheryl,9,53
487,Janna,4,23
488,Valentine,7,59
489,Barrett,9,35
490,Dai,1,16
491,Hanae,6,31
492,Ivory,3,30
493,Theodore,7,21
494,Simon,10,18
495,Amaya,10,35
496,Plato,6,37
497,Audrey,1,54
498,Charissa,7,48
499,Maisie,9,46
500,Ivan,2,21
